cycle,accuracy_per_class,precision_per_class,recall_per_class,f1_score_per_class,sensitivity_per_class,specificity_per_class,confusion_matrix,oracle_label,ground_truth_label
0,"['0.3156', '0.4075', '0.0181', '0.0631', '0.1635', '0.6544', '0.6144', '0.2696', '0.3674', '0.4134']","['0.4851', '0.4290', '0.2444', '0.2044', '0.2674', '0.2505', '0.3475', '0.3155', '0.3965', '0.3367']","['0.3156', '0.4075', '0.0181', '0.0631', '0.1635', '0.6544', '0.6144', '0.2696', '0.3674', '0.4134']","['0.3824', '0.4180', '0.0337', '0.0965', '0.2030', '0.3623', '0.4439', '0.2907', '0.3814', '0.3711']","['0.3156', '0.4075', '0.0181', '0.0631', '0.1635', '0.6544', '0.6144', '0.2696', '0.3674', '0.4134']","['0.9613', '0.9355', '0.9937', '0.9734', '0.9514', '0.7828', '0.8659', '0.9336', '0.9427', '0.9152']","[[196, 63, 14, 3, 9, 73, 12, 66, 141, 44], [14, 260, 0, 7, 3, 60, 35, 13, 79, 167], [46, 23, 11, 16, 82, 177, 151, 59, 18, 25], [6, 15, 1, 37, 28, 291, 116, 56, 4, 32], [21, 13, 7, 14, 96, 124, 219, 43, 15, 35], [11, 4, 3, 26, 30, 392, 73, 36, 5, 19], [5, 11, 1, 17, 39, 111, 384, 32, 1, 24], [3, 11, 4, 29, 68, 213, 75, 165, 4, 40], [88, 89, 4, 5, 2, 70, 1, 19, 205, 75], [14, 117, 0, 27, 2, 54, 39, 34, 45, 234]]",-1,-1
1,"['0.3994', '0.5141', '0.2418', '0.0563', '0.2538', '0.6043', '0.5808', '0.4232', '0.5842', '0.3799']","['0.5020', '0.4788', '0.2865', '0.2973', '0.3840', '0.3097', '0.4526', '0.4832', '0.4250', '0.4019']","['0.3994', '0.5141', '0.2418', '0.0563', '0.2538', '0.6043', '0.5808', '0.4232', '0.5842', '0.3799']","['0.4448', '0.4958', '0.2623', '0.0947', '0.3056', '0.4095', '0.5088', '0.4512', '0.4921', '0.3906']","['0.3994', '0.5141', '0.2418', '0.0563', '0.2538', '0.6043', '0.5808', '0.4232', '0.5842', '0.3799']","['0.9543', '0.9334', '0.9321', '0.9856', '0.9558', '0.8506', '0.9183', '0.9486', '0.9190', '0.9411']","[[248, 48, 64, 6, 2, 14, 6, 25, 178, 30], [13, 328, 6, 5, 4, 20, 18, 16, 109, 119], [68, 25, 147, 12, 85, 109, 95, 38, 16, 13], [12, 14, 49, 33, 23, 273, 84, 46, 19, 33], [32, 14, 108, 4, 149, 87, 114, 43, 18, 18], [17, 10, 49, 10, 16, 362, 53, 52, 8, 22], [4, 22, 35, 14, 66, 84, 363, 19, 1, 17], [16, 11, 28, 12, 38, 165, 43, 259, 7, 33], [74, 56, 17, 2, 4, 32, 4, 8, 326, 35], [10, 157, 10, 13, 1, 23, 22, 30, 85, 215]]",0,1
2,"['0.4316', '0.5987', '0.4062', '0.1860', '0.1687', '0.5910', '0.5888', '0.4379', '0.5878', '0.2562']","['0.4760', '0.5020', '0.3237', '0.3303', '0.4074', '0.3359', '0.4817', '0.5739', '0.4397', '0.4693']","['0.4316', '0.5987', '0.4062', '0.1860', '0.1687', '0.5910', '0.5888', '0.4379', '0.5878', '0.2562']","['0.4527', '0.5461', '0.3603', '0.2380', '0.2386', '0.4283', '0.5299', '0.4968', '0.5031', '0.3314']","['0.4316', '0.5987', '0.4062', '0.1860', '0.1687', '0.5910', '0.5888', '0.4379', '0.5878', '0.2562']","['0.9452', '0.9293', '0.9043', '0.9592', '0.9734', '0.8704', '0.9263', '0.9631', '0.9232', '0.9698']","[[268, 50, 73, 8, 3, 18, 9, 21, 159, 12], [28, 382, 5, 13, 3, 13, 15, 14, 109, 56], [61, 17, 247, 25, 34, 103, 79, 18, 16, 8], [14, 13, 75, 109, 12, 234, 69, 26, 15, 19], [37, 15, 172, 16, 99, 82, 105, 38, 13, 10], [12, 9, 56, 43, 11, 354, 52, 48, 7, 7], [4, 16, 56, 50, 55, 57, 368, 11, 2, 6], [15, 5, 44, 27, 25, 149, 40, 268, 10, 29], [102, 51, 20, 5, 1, 24, 7, 3, 328, 17], [22, 203, 15, 34, 0, 20, 20, 20, 87, 145]]",0,3
3,"['0.4702', '0.5094', '0.3569', '0.2645', '0.2027', '0.3406', '0.6800', '0.4739', '0.5842', '0.3481']","['0.4492', '0.5652', '0.3244', '0.3298', '0.3429', '0.3992', '0.4183', '0.5133', '0.4217', '0.4646']","['0.4702', '0.5094', '0.3569', '0.2645', '0.2027', '0.3406', '0.6800', '0.4739', '0.5842', '0.3481']","['0.4595', '0.5359', '0.3399', '0.2936', '0.2548', '0.3676', '0.5180', '0.4928', '0.4899', '0.3980']","['0.4702', '0.5094', '0.3569', '0.2645', '0.2027', '0.3406', '0.6800', '0.4739', '0.5842', '0.3481']","['0.9334', '0.9534', '0.9162', '0.9418', '0.9579', '0.9432', '0.8900', '0.9490', '0.9179', '0.9582']","[[292, 31, 65, 10, 5, 7, 12, 27, 146, 26], [44, 325, 6, 17, 3, 7, 22, 6, 131, 77], [66, 16, 217, 35, 62, 41, 116, 30, 11, 14], [17, 5, 62, 155, 26, 126, 116, 40, 17, 22], [48, 7, 125, 15, 119, 28, 155, 61, 13, 16], [10, 10, 77, 103, 22, 204, 84, 72, 9, 8], [5, 13, 42, 50, 56, 9, 425, 15, 1, 9], [21, 5, 38, 46, 51, 70, 50, 290, 9, 32], [118, 36, 21, 8, 1, 12, 10, 3, 326, 23], [29, 127, 16, 31, 2, 7, 26, 21, 110, 197]]",0,9
4,"['0.4267', '0.5251', '0.3405', '0.2526', '0.2487', '0.4324', '0.5920', '0.5033', '0.6487', '0.4399']","['0.5077', '0.5602', '0.3450', '0.3584', '0.3935', '0.3633', '0.4585', '0.5091', '0.4508', '0.4384']","['0.4267', '0.5251', '0.3405', '0.2526', '0.2487', '0.4324', '0.5920', '0.5033', '0.6487', '0.4399']","['0.4637', '0.5421', '0.3427', '0.2963', '0.3048', '0.3948', '0.5168', '0.5062', '0.5320', '0.4392']","['0.4267', '0.5251', '0.3405', '0.2526', '0.2487', '0.4324', '0.5920', '0.5033', '0.6487', '0.4399']","['0.9522', '0.9510', '0.9271', '0.9511', '0.9584', '0.9159', '0.9187', '0.9449', '0.9190', '0.9413']","[[265, 39, 55, 4, 8, 13, 8, 29, 162, 38], [29, 335, 3, 10, 1, 8, 14, 9, 108, 121], [50, 17, 207, 32, 62, 74, 92, 37, 25, 12], [12, 9, 56, 148, 28, 159, 83, 44, 20, 27], [34, 13, 105, 17, 146, 50, 121, 61, 18, 22], [9, 9, 65, 92, 15, 259, 55, 68, 10, 17], [6, 21, 47, 54, 62, 27, 370, 18, 4, 16], [20, 6, 33, 27, 45, 92, 42, 308, 10, 29], [72, 37, 14, 8, 1, 18, 6, 3, 362, 37], [25, 112, 15, 21, 3, 13, 16, 28, 84, 249]]",0,9
5,"['0.4235', '0.4013', '0.2845', '0.2850', '0.3492', '0.4090', '0.5536', '0.4984', '0.6308', '0.5053']","['0.5127', '0.6139', '0.3604', '0.3287', '0.3244', '0.3679', '0.4720', '0.4559', '0.4700', '0.4518']","['0.4235', '0.4013', '0.2845', '0.2850', '0.3492', '0.4090', '0.5536', '0.4984', '0.6308', '0.5053']","['0.4638', '0.4853', '0.3180', '0.3053', '0.3363', '0.3874', '0.5096', '0.4762', '0.5386', '0.4771']","['0.4235', '0.4013', '0.2845', '0.2850', '0.3492', '0.4090', '0.5536', '0.4984', '0.6308', '0.5053']","['0.9535', '0.9700', '0.9431', '0.9370', '0.9211', '0.9221', '0.9280', '0.9324', '0.9270', '0.9361']","[[263, 25, 58, 15, 15, 21, 8, 42, 133, 41], [37, 256, 9, 13, 8, 7, 16, 14, 122, 156], [43, 9, 173, 43, 119, 67, 74, 57, 11, 12], [8, 3, 41, 167, 51, 147, 80, 46, 20, 23], [32, 11, 69, 21, 205, 42, 105, 70, 15, 17], [11, 9, 37, 105, 45, 245, 50, 76, 5, 16], [2, 12, 36, 64, 109, 19, 346, 18, 8, 11], [15, 2, 25, 37, 63, 92, 33, 305, 10, 30], [75, 26, 18, 11, 8, 16, 8, 3, 352, 41], [27, 64, 14, 32, 9, 10, 13, 38, 73, 286]]",0,5
6,"['0.4235', '0.5172', '0.3438', '0.3840', '0.2521', '0.4274', '0.5344', '0.4510', '0.6057', '0.3993']","['0.5048', '0.5565', '0.3686', '0.2874', '0.3885', '0.3325', '0.5038', '0.5308', '0.4829', '0.4502']","['0.4235', '0.5172', '0.3438', '0.3840', '0.2521', '0.4274', '0.5344', '0.4510', '0.6057', '0.3993']","['0.4606', '0.5361', '0.3557', '0.3287', '0.3058', '0.3740', '0.5186', '0.4876', '0.5374', '0.4232']","['0.4235', '0.5172', '0.3438', '0.3840', '0.2521', '0.4274', '0.5344', '0.4510', '0.6057', '0.3993']","['0.9520', '0.9510', '0.9336', '0.8969', '0.9570', '0.9048', '0.9388', '0.9547', '0.9335', '0.9492']","[[263, 42, 64, 30, 9, 20, 8, 19, 137, 29], [36, 330, 3, 23, 5, 9, 14, 10, 87, 121], [42, 11, 209, 73, 62, 88, 66, 29, 15, 13], [10, 4, 47, 225, 22, 156, 56, 34, 17, 15], [37, 13, 95, 46, 148, 61, 103, 53, 13, 18], [8, 11, 39, 150, 22, 256, 36, 59, 5, 13], [1, 20, 48, 102, 57, 35, 334, 12, 4, 12], [19, 5, 27, 62, 50, 110, 26, 276, 13, 24], [74, 43, 21, 19, 4, 21, 5, 2, 338, 31], [31, 114, 14, 53, 2, 14, 15, 26, 71, 226]]",0,9
7,"['0.4026', '0.5925', '0.2303', '0.3379', '0.3220', '0.4307', '0.5248', '0.5082', '0.5753', '0.3958']","['0.5071', '0.5108', '0.3933', '0.3251', '0.3304', '0.3395', '0.4881', '0.4770', '0.5103', '0.4333']","['0.4026', '0.5925', '0.2303', '0.3379', '0.3220', '0.4307', '0.5248', '0.5082', '0.5753', '0.3958']","['0.4488', '0.5486', '0.2905', '0.3314', '0.3261', '0.3797', '0.5058', '0.4921', '0.5409', '0.4137']","['0.4026', '0.5925', '0.2303', '0.3379', '0.3220', '0.4307', '0.5248', '0.5082', '0.5753', '0.3958']","['0.9548', '0.9325', '0.9599', '0.9241', '0.9292', '0.9071', '0.9360', '0.9367', '0.9434', '0.9461']","[[250, 60, 41, 19, 19, 16, 10, 29, 138, 39], [26, 378, 5, 16, 7, 6, 14, 9, 69, 108], [49, 17, 140, 50, 113, 86, 79, 48, 11, 15], [12, 7, 31, 198, 37, 155, 58, 59, 12, 17], [38, 17, 48, 30, 189, 62, 96, 70, 13, 24], [10, 16, 30, 118, 39, 258, 31, 84, 3, 10], [4, 17, 23, 75, 99, 45, 328, 17, 3, 14], [18, 8, 16, 46, 57, 99, 22, 311, 7, 28], [69, 59, 15, 14, 8, 18, 13, 3, 321, 38], [17, 161, 7, 43, 4, 15, 21, 22, 52, 224]]",0,9
8,"['0.4718', '0.4624', '0.3487', '0.2133', '0.4242', '0.3456', '0.4832', '0.5098', '0.6093', '0.4399']","['0.4487', '0.6120', '0.3262', '0.3369', '0.3059', '0.3791', '0.4855', '0.4883', '0.4823', '0.4807']","['0.4718', '0.4624', '0.3487', '0.2133', '0.4242', '0.3456', '0.4832', '0.5098', '0.6093', '0.4399']","['0.4600', '0.5268', '0.3370', '0.2612', '0.3555', '0.3616', '0.4844', '0.4988', '0.5384', '0.4594']","['0.4718', '0.4624', '0.3487', '0.2133', '0.4242', '0.3456', '0.4832', '0.5098', '0.6093', '0.4399']","['0.9331', '0.9651', '0.9188', '0.9546', '0.8956', '0.9372', '0.9405', '0.9393', '0.9329', '0.9505']","[[293, 25, 71, 9, 18, 7, 8, 24, 127, 39], [56, 295, 9, 13, 14, 4, 16, 12, 106, 113], [53, 10, 212, 31, 142, 37, 59, 42, 13, 9], [12, 7, 70, 125, 68, 137, 80, 52, 18, 17], [39, 12, 80, 17, 249, 40, 75, 51, 11, 13], [16, 9, 74, 77, 69, 207, 35, 96, 4, 12], [7, 19, 54, 45, 143, 26, 302, 13, 3, 13], [30, 4, 38, 29, 78, 63, 26, 312, 8, 24], [102, 22, 23, 4, 18, 13, 3, 4, 340, 29], [45, 79, 19, 21, 15, 12, 18, 33, 75, 249]]",0,0
9,"['0.4557', '0.4796', '0.3931', '0.3140', '0.2692', '0.4240', '0.4368', '0.4886', '0.5824', '0.3004']","['0.4340', '0.5885', '0.3429', '0.2875', '0.3086', '0.3329', '0.5065', '0.4878', '0.4520', '0.4928']","['0.4557', '0.4796', '0.3931', '0.3140', '0.2692', '0.4240', '0.4368', '0.4886', '0.5824', '0.3004']","['0.4446', '0.5285', '0.3663', '0.3002', '0.2875', '0.3730', '0.4691', '0.4882', '0.5090', '0.3732']","['0.4557', '0.4796', '0.3931', '0.3140', '0.2692', '0.4240', '0.4368', '0.4886', '0.5824', '0.3004']","['0.9314', '0.9601', '0.9151', '0.9158', '0.9346', '0.9058', '0.9505', '0.9417', '0.9276', '0.9678']","[[283, 27, 77, 23, 18, 17, 5, 28, 127, 16], [58, 306, 10, 25, 9, 6, 18, 12, 116, 78], [48, 7, 239, 47, 78, 71, 53, 43, 16, 6], [13, 3, 54, 184, 49, 171, 39, 44, 18, 11], [47, 10, 108, 38, 158, 68, 76, 63, 7, 12], [13, 7, 53, 107, 38, 254, 31, 80, 6, 10], [6, 12, 71, 117, 84, 40, 273, 11, 5, 6], [23, 5, 47, 41, 58, 96, 22, 299, 6, 15], [108, 30, 22, 14, 11, 21, 2, 4, 325, 21], [53, 113, 16, 44, 9, 19, 20, 29, 93, 170]]",0,3
10,"['0.4283', '0.4875', '0.2599', '0.2713', '0.3816', '0.3372', '0.4864', '0.4886', '0.6470', '0.4700']","['0.4650', '0.5665', '0.3726', '0.3383', '0.2959', '0.3489', '0.4959', '0.5059', '0.4440', '0.4209']","['0.4283', '0.4875', '0.2599', '0.2713', '0.3816', '0.3372', '0.4864', '0.4886', '0.6470', '0.4700']","['0.4459', '0.5240', '0.3062', '0.3011', '0.3333', '0.3430', '0.4911', '0.4971', '0.5266', '0.4441']","['0.4283', '0.4875', '0.2599', '0.2713', '0.3816', '0.3372', '0.4864', '0.4886', '0.6470', '0.4700']","['0.9431', '0.9556', '0.9507', '0.9426', '0.9015', '0.9302', '0.9425', '0.9458', '0.9169', '0.9326']","[[266, 38, 35, 11, 17, 16, 8, 24, 156, 50], [30, 311, 4, 10, 11, 5, 14, 4, 115, 134], [56, 12, 158, 42, 141, 61, 57, 43, 26, 12], [18, 7, 42, 159, 73, 124, 67, 46, 19, 31], [47, 13, 64, 24, 224, 43, 78, 55, 17, 22], [16, 9, 37, 103, 70, 202, 38, 90, 10, 24], [11, 20, 54, 52, 121, 26, 304, 10, 8, 19], [27, 11, 16, 35, 79, 72, 27, 299, 16, 30], [68, 33, 9, 9, 10, 17, 3, 4, 361, 44], [33, 95, 5, 25, 11, 13, 17, 16, 85, 266]]",0,8
11,"['0.4847', '0.4671', '0.2829', '0.3874', '0.3186', '0.3689', '0.4624', '0.5016', '0.5538', '0.4329']","['0.4725', '0.5901', '0.3715', '0.2929', '0.3213', '0.3226', '0.4907', '0.4745', '0.5309', '0.4579']","['0.4847', '0.4671', '0.2829', '0.3874', '0.3186', '0.3689', '0.4624', '0.5016', '0.5538', '0.4329']","['0.4785', '0.5214', '0.3212', '0.3336', '0.3199', '0.3442', '0.4761', '0.4877', '0.5421', '0.4450']","['0.4847', '0.4671', '0.2829', '0.3874', '0.3186', '0.3689', '0.4624', '0.5016', '0.5538', '0.4329']","['0.9375', '0.9614', '0.9460', '0.8988', '0.9270', '0.9141', '0.9442', '0.9369', '0.9498', '0.9466']","[[301, 37, 42, 32, 19, 17, 7, 36, 93, 37], [57, 298, 7, 24, 12, 8, 17, 12, 88, 115], [53, 7, 172, 69, 97, 77, 60, 49, 10, 14], [15, 3, 31, 227, 52, 135, 53, 43, 9, 18], [36, 12, 79, 44, 187, 59, 82, 64, 4, 20], [9, 9, 44, 145, 46, 221, 28, 83, 3, 11], [6, 16, 49, 113, 89, 35, 289, 14, 2, 12], [17, 5, 21, 59, 57, 87, 28, 307, 6, 25], [105, 30, 14, 18, 12, 20, 6, 6, 309, 38], [38, 88, 4, 44, 11, 26, 19, 33, 58, 245]]",0,3
12,"['0.5378', '0.4216', '0.3092', '0.2935', '0.3356', '0.3489', '0.4768', '0.4918', '0.5824', '0.4258']","['0.4855', '0.6004', '0.3431', '0.3122', '0.3219', '0.3056', '0.4983', '0.4547', '0.5062', '0.4250']","['0.5378', '0.4216', '0.3092', '0.2935', '0.3356', '0.3489', '0.4768', '0.4918', '0.5824', '0.4258']","['0.5103', '0.4954', '0.3253', '0.3026', '0.3286', '0.3258', '0.4873', '0.4725', '0.5417', '0.4254']","['0.5378', '0.4216', '0.3092', '0.2935', '0.3356', '0.3489', '0.4768', '0.4918', '0.5824', '0.4258']","['0.9342', '0.9666', '0.9332', '0.9300', '0.9233', '0.9121', '0.9442', '0.9330', '0.9417', '0.9400']","[[334, 27, 50, 13, 17, 16, 9, 26, 92, 37], [54, 269, 5, 17, 12, 11, 21, 11, 94, 144], [61, 7, 188, 44, 102, 73, 59, 46, 15, 13], [16, 7, 54, 172, 52, 149, 51, 49, 12, 24], [36, 8, 73, 38, 197, 53, 73, 76, 10, 23], [14, 6, 61, 111, 47, 209, 32, 101, 5, 13], [8, 17, 59, 70, 105, 40, 298, 13, 4, 11], [20, 4, 32, 43, 61, 96, 23, 301, 9, 23], [101, 28, 19, 9, 10, 15, 9, 4, 325, 38], [44, 75, 7, 34, 9, 22, 23, 35, 76, 241]]",0,2
13,"['0.4734', '0.4953', '0.2434', '0.2577', '0.2828', '0.4391', '0.4816', '0.5163', '0.6039', '0.4488']","['0.4719', '0.5411', '0.3915', '0.3044', '0.3430', '0.3065', '0.4975', '0.4489', '0.4898', '0.4379']","['0.4734', '0.4953', '0.2434', '0.2577', '0.2828', '0.4391', '0.4816', '0.5163', '0.6039', '0.4488']","['0.4727', '0.5172', '0.3002', '0.2791', '0.3100', '0.3610', '0.4894', '0.4802', '0.5409', '0.4433']","['0.4734', '0.4953', '0.2434', '0.2577', '0.2828', '0.4391', '0.4816', '0.5163', '0.6039', '0.4488']","['0.9388', '0.9500', '0.9573', '0.9363', '0.9413', '0.8898', '0.9434', '0.9280', '0.9355', '0.9400']","[[294, 40, 37, 12, 15, 20, 6, 33, 127, 37], [39, 316, 4, 15, 10, 7, 11, 11, 96, 129], [72, 13, 148, 44, 84, 101, 65, 56, 14, 11], [16, 11, 31, 151, 35, 183, 57, 57, 19, 26], [44, 14, 52, 34, 166, 78, 84, 81, 11, 23], [11, 11, 42, 92, 30, 263, 36, 92, 6, 16], [8, 28, 30, 71, 90, 58, 301, 19, 3, 17], [15, 9, 17, 42, 44, 108, 27, 316, 10, 24], [84, 43, 9, 9, 5, 20, 3, 5, 337, 43], [40, 99, 8, 26, 5, 20, 15, 34, 65, 254]]",0,3
14,"['0.4332', '0.3871', '0.3536', '0.2799', '0.3049', '0.3923', '0.5312', '0.4395', '0.6129', '0.3834']","['0.4744', '0.6190', '0.3397', '0.2808', '0.3124', '0.3036', '0.4736', '0.5000', '0.4530', '0.4559']","['0.4332', '0.3871', '0.3536', '0.2799', '0.3049', '0.3923', '0.5312', '0.4395', '0.6129', '0.3834']","['0.4529', '0.4764', '0.3465', '0.2803', '0.3086', '0.3423', '0.5008', '0.4678', '0.5209', '0.4165']","['0.4332', '0.3871', '0.3536', '0.2799', '0.3049', '0.3923', '0.5312', '0.4395', '0.6129', '0.3834']","['0.9446', '0.9717', '0.9225', '0.9224', '0.9272', '0.9002', '0.9313', '0.9501', '0.9241', '0.9523']","[[269, 24, 64, 22, 23, 21, 7, 27, 134, 30], [51, 247, 10, 25, 15, 6, 24, 11, 135, 114], [38, 5, 215, 51, 96, 83, 63, 33, 14, 10], [14, 3, 47, 164, 42, 178, 66, 37, 15, 20], [30, 8, 94, 36, 179, 66, 95, 55, 9, 15], [12, 6, 61, 106, 40, 235, 48, 73, 4, 14], [7, 10, 59, 77, 78, 43, 332, 6, 3, 10], [13, 5, 40, 47, 73, 100, 39, 269, 10, 16], [79, 18, 29, 14, 12, 22, 7, 5, 342, 30], [54, 73, 14, 42, 15, 20, 20, 22, 89, 217]]",0,0
15,"['0.4831', '0.5157', '0.3470', '0.2747', '0.3475', '0.3506', '0.3888', '0.4657', '0.6111', '0.2633']","['0.4274', '0.5520', '0.3251', '0.2855', '0.2798', '0.3241', '0.5203', '0.5000', '0.4469', '0.4776']","['0.4831', '0.5157', '0.3470', '0.2747', '0.3475', '0.3506', '0.3888', '0.4657', '0.6111', '0.2633']","['0.4535', '0.5332', '0.3357', '0.2800', '0.3100', '0.3368', '0.4451', '0.4822', '0.5163', '0.3394']","['0.4831', '0.5157', '0.3470', '0.2747', '0.3475', '0.3506', '0.3888', '0.4657', '0.6111', '0.2633']","['0.9253', '0.9502', '0.9188', '0.9256', '0.9030', '0.9189', '0.9583', '0.9471', '0.9225', '0.9700']","[[300, 26, 53, 17, 23, 15, 4, 25, 137, 21], [74, 329, 6, 17, 15, 6, 14, 8, 115, 54], [62, 9, 211, 48, 110, 65, 37, 43, 18, 5], [23, 5, 61, 161, 69, 148, 48, 38, 18, 15], [41, 11, 103, 36, 204, 51, 55, 53, 15, 18], [12, 9, 63, 112, 62, 210, 27, 89, 5, 10], [11, 23, 84, 81, 121, 39, 243, 10, 7, 6], [14, 6, 37, 50, 91, 80, 21, 285, 12, 16], [101, 34, 20, 11, 12, 14, 6, 1, 341, 18], [64, 144, 11, 31, 22, 20, 12, 18, 95, 149]]",0,7
16,"['0.4074', '0.4718', '0.3470', '0.3089', '0.2692', '0.2838', '0.4720', '0.4706', '0.6165', '0.4505']","['0.4980', '0.5253', '0.3312', '0.2855', '0.3135', '0.3052', '0.4892', '0.4579', '0.4745', '0.4048']","['0.4074', '0.4718', '0.3470', '0.3089', '0.2692', '0.2838', '0.4720', '0.4706', '0.6165', '0.4505']","['0.4482', '0.4971', '0.3390', '0.2967', '0.2896', '0.2941', '0.4805', '0.4641', '0.5362', '0.4264']","['0.4074', '0.4718', '0.3470', '0.3089', '0.2692', '0.2838', '0.4720', '0.4706', '0.6165', '0.4505']","['0.9526', '0.9493', '0.9210', '0.9163', '0.9361', '0.9283', '0.9427', '0.9367', '0.9300', '0.9310']","[[253, 33, 42, 25, 15, 14, 9, 32, 145, 53], [32, 301, 5, 15, 9, 6, 19, 6, 108, 137], [48, 15, 211, 53, 88, 61, 56, 46, 19, 11], [13, 9, 58, 181, 46, 118, 58, 54, 16, 33], [38, 18, 116, 46, 158, 44, 69, 63, 11, 24], [10, 11, 69, 132, 43, 170, 40, 99, 4, 21], [11, 30, 77, 80, 70, 27, 295, 17, 2, 16], [15, 7, 40, 56, 56, 81, 37, 288, 7, 25], [62, 34, 14, 15, 10, 18, 3, 3, 344, 55], [26, 115, 5, 31, 9, 18, 17, 21, 69, 255]]",0,0
17,"['0.4944', '0.4577', '0.2895', '0.3055', '0.3305', '0.3356', '0.5104', '0.4771', '0.5412', '0.4329']","['0.4521', '0.5805', '0.3444', '0.2841', '0.3104', '0.3490', '0.4712', '0.4657', '0.4887', '0.4422']","['0.4944', '0.4577', '0.2895', '0.3055', '0.3305', '0.3356', '0.5104', '0.4771', '0.5412', '0.4329']","['0.4723', '0.5118', '0.3146', '0.2944', '0.3201', '0.3421', '0.4900', '0.4713', '0.5136', '0.4375']","['0.4944', '0.4577', '0.2895', '0.3055', '0.3305', '0.3356', '0.5104', '0.4771', '0.5412', '0.4329']","['0.9308', '0.9606', '0.9379', '0.9167', '0.9204', '0.9306', '0.9334', '0.9378', '0.9419', '0.9431']","[[307, 30, 44, 21, 18, 12, 5, 34, 108, 42], [50, 292, 10, 17, 17, 6, 18, 8, 95, 125], [64, 11, 176, 53, 111, 63, 62, 47, 12, 9], [19, 9, 53, 179, 51, 113, 79, 48, 10, 25], [36, 12, 79, 43, 194, 46, 89, 61, 7, 20], [16, 8, 53, 133, 45, 201, 39, 88, 3, 13], [10, 19, 48, 83, 96, 18, 319, 17, 3, 12], [17, 4, 29, 54, 64, 86, 38, 292, 6, 22], [117, 30, 13, 12, 15, 15, 6, 7, 302, 41], [43, 88, 6, 35, 14, 16, 22, 25, 72, 245]]",0,7
18,"['0.4734', '0.4687', '0.3717', '0.3567', '0.3118', '0.2521', '0.5056', '0.4297', '0.5645', '0.3693']","['0.4530', '0.5578', '0.3122', '0.2883', '0.2947', '0.3063', '0.4766', '0.4888', '0.5155', '0.4750']","['0.4734', '0.4687', '0.3717', '0.3567', '0.3118', '0.2521', '0.5056', '0.4297', '0.5645', '0.3693']","['0.4630', '0.5094', '0.3393', '0.3188', '0.3030', '0.2766', '0.4907', '0.4574', '0.5389', '0.4155']","['0.4734', '0.4687', '0.3717', '0.3567', '0.3118', '0.2521', '0.5056', '0.4297', '0.5645', '0.3693']","['0.9340', '0.9558', '0.9076', '0.9047', '0.9191', '0.9367', '0.9354', '0.9490', '0.9456', '0.9575']","[[294, 34, 57, 28, 23, 16, 5, 25, 112, 27], [69, 299, 8, 22, 18, 9, 19, 8, 86, 100], [51, 7, 226, 57, 103, 54, 53, 36, 12, 9], [14, 6, 79, 209, 50, 94, 74, 31, 11, 18], [32, 16, 110, 48, 183, 40, 90, 50, 6, 12], [5, 9, 84, 162, 55, 151, 39, 78, 4, 12], [8, 17, 78, 77, 87, 20, 316, 11, 3, 8], [18, 7, 50, 66, 77, 75, 38, 263, 4, 14], [108, 32, 20, 18, 11, 14, 4, 5, 315, 31], [50, 109, 12, 38, 14, 20, 25, 31, 58, 209]]",0,6
19,"['0.4589', '0.5408', '0.4062', '0.2782', '0.2743', '0.4157', '0.4592', '0.4428', '0.4839', '0.2509']","['0.4371', '0.5180', '0.3023', '0.2916', '0.2970', '0.3116', '0.4728', '0.5037', '0.5133', '0.4830']","['0.4589', '0.5408', '0.4062', '0.2782', '0.2743', '0.4157', '0.4592', '0.4428', '0.4839', '0.2509']","['0.4478', '0.5291', '0.3467', '0.2847', '0.2852', '0.3562', '0.4659', '0.4713', '0.4982', '0.3302']","['0.4589', '0.5408', '0.4062', '0.2782', '0.2743', '0.4157', '0.4592', '0.4428', '0.4839', '0.2509']","['0.9318', '0.9401', '0.8943', '0.9269', '0.9296', '0.8982', '0.9405', '0.9504', '0.9530', '0.9720']","[[285, 40, 73, 30, 21, 23, 8, 27, 95, 19], [69, 345, 11, 20, 16, 13, 26, 7, 69, 62], [45, 9, 247, 44, 82, 83, 44, 41, 10, 3], [17, 5, 77, 163, 46, 155, 68, 31, 11, 13], [31, 16, 137, 44, 161, 61, 77, 47, 5, 8], [10, 9, 78, 96, 45, 249, 30, 69, 3, 10], [8, 17, 94, 72, 85, 40, 287, 12, 4, 6], [15, 6, 52, 40, 61, 116, 36, 271, 5, 10], [113, 57, 30, 13, 11, 29, 6, 8, 270, 21], [59, 162, 18, 37, 14, 30, 25, 25, 54, 142]]",0,4
20,"['0.4573', '0.5705', '0.3734', '0.3089', '0.2164', '0.3406', '0.4384', '0.4657', '0.5556', '0.3516']","['0.4610', '0.5134', '0.3368', '0.2868', '0.2920', '0.3134', '0.4893', '0.4509', '0.4829', '0.4422']","['0.4573', '0.5705', '0.3734', '0.3089', '0.2164', '0.3406', '0.4384', '0.4657', '0.5556', '0.3516']","['0.4592', '0.5405', '0.3541', '0.2975', '0.2485', '0.3264', '0.4624', '0.4582', '0.5167', '0.3917']","['0.4573', '0.5705', '0.3734', '0.3089', '0.2164', '0.3406', '0.4384', '0.4657', '0.5556', '0.3516']","['0.9383', '0.9357', '0.9171', '0.9169', '0.9431', '0.9172', '0.9468', '0.9356', '0.9390', '0.9538']","[[284, 41, 48, 23, 15, 14, 6, 35, 118, 37], [38, 364, 6, 15, 11, 6, 10, 9, 90, 89], [60, 12, 227, 56, 60, 73, 50, 47, 12, 11], [15, 15, 65, 181, 38, 138, 55, 46, 14, 19], [35, 25, 119, 49, 127, 60, 82, 68, 7, 15], [11, 17, 68, 115, 40, 204, 30, 94, 8, 12], [15, 30, 74, 93, 77, 34, 274, 13, 3, 12], [24, 11, 44, 54, 51, 83, 33, 285, 10, 17], [91, 56, 14, 13, 8, 19, 1, 7, 310, 39], [43, 138, 9, 32, 8, 20, 19, 28, 70, 199]]",0,4
21,"['0.4734', '0.5721', '0.2664', '0.2918', '0.3305', '0.2738', '0.4816', '0.4918', '0.5305', '0.4452']","['0.4796', '0.5076', '0.3320', '0.2974', '0.3012', '0.3417', '0.4918', '0.4381', '0.5008', '0.4264']","['0.4734', '0.5721', '0.2664', '0.2918', '0.3305', '0.2738', '0.4816', '0.4918', '0.5305', '0.4452']","['0.4765', '0.5380', '0.2956', '0.2946', '0.3152', '0.3040', '0.4867', '0.4634', '0.5152', '0.4356']","['0.4734', '0.5721', '0.2664', '0.2918', '0.3305', '0.2738', '0.4816', '0.4918', '0.5305', '0.4452']","['0.9407', '0.9340', '0.9395', '0.9254', '0.9169', '0.9415', '0.9421', '0.9284', '0.9458', '0.9376']","[[294, 49, 44, 16, 19, 14, 3, 33, 102, 47], [36, 365, 3, 14, 10, 4, 11, 7, 74, 114], [61, 15, 162, 53, 114, 52, 61, 60, 16, 14], [15, 16, 44, 171, 59, 100, 66, 64, 17, 34], [37, 28, 80, 42, 194, 32, 73, 69, 10, 22], [14, 11, 55, 121, 60, 164, 40, 106, 5, 23], [8, 28, 53, 73, 107, 21, 301, 15, 3, 16], [15, 17, 29, 53, 62, 63, 38, 301, 11, 23], [96, 59, 13, 12, 8, 17, 4, 7, 296, 46], [37, 131, 5, 20, 11, 13, 15, 25, 57, 252]]",0,3
22,"['0.4815', '0.5282', '0.3405', '0.3089', '0.2828', '0.3689', '0.4768', '0.4232', '0.5645', '0.3693']","['0.4489', '0.5409', '0.3328', '0.2722', '0.3217', '0.3175', '0.4958', '0.4796', '0.5048', '0.4676']","['0.4815', '0.5282', '0.3405', '0.3089', '0.2828', '0.3689', '0.4768', '0.4232', '0.5645', '0.3693']","['0.4646', '0.5345', '0.3366', '0.2894', '0.3010', '0.3413', '0.4861', '0.4497', '0.5330', '0.4126']","['0.4815', '0.5282', '0.3405', '0.3089', '0.2828', '0.3689', '0.4768', '0.4232', '0.5645', '0.3693']","['0.9318', '0.9467', '0.9230', '0.9106', '0.9353', '0.9121', '0.9436', '0.9478', '0.9432', '0.9562']","[[299, 40, 46, 26, 13, 17, 5, 27, 120, 28], [55, 337, 6, 20, 11, 8, 16, 11, 78, 96], [59, 14, 207, 57, 87, 67, 59, 36, 16, 6], [19, 11, 59, 181, 39, 147, 63, 37, 9, 21], [37, 16, 109, 48, 166, 57, 73, 51, 11, 19], [11, 12, 71, 120, 41, 221, 31, 78, 3, 11], [12, 18, 68, 88, 80, 37, 298, 12, 3, 9], [20, 10, 36, 67, 57, 103, 37, 259, 7, 16], [106, 38, 13, 20, 9, 18, 4, 3, 315, 32], [48, 127, 7, 38, 13, 21, 15, 26, 62, 209]]",0,3
23,"['0.4412', '0.4577', '0.2944', '0.2765', '0.3697', '0.3656', '0.4928', '0.4395', '0.5860', '0.3622']","['0.4628', '0.5863', '0.3034', '0.2951', '0.2833', '0.3338', '0.4674', '0.4778', '0.4866', '0.4505']","['0.4412', '0.4577', '0.2944', '0.2765', '0.3697', '0.3656', '0.4928', '0.4395', '0.5860', '0.3622']","['0.4518', '0.5141', '0.2988', '0.2855', '0.3208', '0.3490', '0.4798', '0.4579', '0.5317', '0.4016']","['0.4412', '0.4577', '0.2944', '0.2765', '0.3697', '0.3656', '0.4928', '0.4395', '0.5860', '0.3622']","['0.9409', '0.9616', '0.9238', '0.9285', '0.8986', '0.9191', '0.9347', '0.9454', '0.9366', '0.9540']","[[274, 35, 60, 25, 26, 16, 2, 30, 127, 26], [60, 292, 11, 21, 20, 9, 15, 12, 86, 112], [50, 10, 179, 48, 133, 66, 65, 36, 15, 6], [20, 3, 64, 162, 67, 132, 73, 33, 11, 21], [30, 8, 82, 33, 217, 48, 85, 59, 12, 13], [8, 4, 61, 102, 69, 219, 39, 78, 1, 18], [13, 15, 52, 71, 113, 30, 308, 11, 4, 8], [11, 6, 42, 44, 88, 91, 34, 269, 14, 13], [81, 26, 26, 10, 16, 23, 9, 7, 327, 33], [45, 99, 13, 33, 17, 22, 29, 28, 75, 205]]",0,1
24,"['0.4380', '0.4185', '0.3174', '0.3089', '0.3407', '0.3856', '0.4016', '0.4265', '0.5376', '0.4452']","['0.4587', '0.5693', '0.3386', '0.2934', '0.2857', '0.2958', '0.5186', '0.4516', '0.4831', '0.4293']","['0.4380', '0.4185', '0.3174', '0.3089', '0.3407', '0.3856', '0.4016', '0.4265', '0.5376', '0.4452']","['0.4481', '0.4824', '0.3277', '0.3009', '0.3108', '0.3348', '0.4527', '0.4387', '0.5089', '0.4371']","['0.4380', '0.4185', '0.3174', '0.3089', '0.3407', '0.3856', '0.4016', '0.4265', '0.5376', '0.4452']","['0.9403', '0.9623', '0.9301', '0.9195', '0.9076', '0.8982', '0.9567', '0.9412', '0.9410', '0.9384']","[[272, 23, 53, 27, 28, 21, 5, 29, 116, 47], [54, 267, 10, 25, 22, 9, 11, 11, 92, 137], [46, 9, 193, 57, 102, 92, 46, 36, 19, 8], [16, 6, 48, 181, 60, 156, 42, 43, 10, 24], [26, 16, 100, 39, 200, 59, 56, 61, 13, 17], [13, 9, 55, 103, 60, 231, 27, 81, 3, 17], [14, 20, 54, 86, 116, 54, 251, 12, 5, 13], [16, 5, 32, 53, 72, 113, 29, 261, 9, 22], [92, 28, 16, 17, 21, 23, 4, 7, 300, 50], [44, 86, 9, 29, 19, 23, 13, 37, 54, 252]]",0,4
25,"['0.4622', '0.4781', '0.3569', '0.2918', '0.2930', '0.3472', '0.4704', '0.4869', '0.6075', '0.3428']","['0.4577', '0.5627', '0.3263', '0.2808', '0.3203', '0.3355', '0.4916', '0.4708', '0.4556', '0.4565']","['0.4622', '0.4781', '0.3569', '0.2918', '0.2930', '0.3472', '0.4704', '0.4869', '0.6075', '0.3428']","['0.4599', '0.5169', '0.3409', '0.2862', '0.3060', '0.3413', '0.4808', '0.4787', '0.5207', '0.3915']","['0.4622', '0.4781', '0.3569', '0.2918', '0.2930', '0.3472', '0.4704', '0.4869', '0.6075', '0.3428']","['0.9368', '0.9558', '0.9169', '0.9191', '0.9326', '0.9237', '0.9434', '0.9378', '0.9256', '0.9575']","[[287, 28, 52, 23, 17, 13, 6, 31, 129, 35], [44, 305, 7, 20, 13, 7, 17, 9, 130, 86], [56, 12, 217, 63, 80, 56, 55, 48, 14, 7], [20, 9, 63, 171, 45, 134, 57, 54, 15, 18], [40, 13, 111, 37, 172, 49, 76, 62, 14, 13], [10, 8, 75, 118, 50, 208, 33, 81, 3, 13], [14, 18, 70, 82, 88, 33, 294, 11, 6, 9], [19, 4, 47, 47, 51, 82, 35, 298, 11, 18], [92, 29, 15, 15, 8, 19, 5, 4, 339, 32], [45, 116, 8, 33, 13, 19, 20, 35, 83, 194]]",0,3
26,"['0.4461', '0.5000', '0.3306', '0.2474', '0.3118', '0.3272', '0.4672', '0.4722', '0.6201', '0.4258']","['0.4418', '0.5162', '0.3418', '0.3166', '0.3128', '0.3415', '0.4875', '0.4412', '0.4812', '0.4177']","['0.4461', '0.5000', '0.3306', '0.2474', '0.3118', '0.3272', '0.4672', '0.4722', '0.6201', '0.4258']","['0.4439', '0.5080', '0.3361', '0.2778', '0.3123', '0.3342', '0.4771', '0.4562', '0.5419', '0.4217']","['0.4461', '0.5000', '0.3306', '0.2474', '0.3118', '0.3272', '0.4672', '0.4722', '0.6201', '0.4258']","['0.9349', '0.9442', '0.9282', '0.9422', '0.9257', '0.9300', '0.9429', '0.9321', '0.9315', '0.9382']","[[277, 43, 43, 13, 17, 12, 5, 32, 131, 48], [52, 319, 6, 12, 10, 4, 11, 12, 95, 117], [64, 14, 201, 35, 103, 53, 61, 47, 17, 13], [16, 15, 65, 145, 58, 127, 58, 54, 18, 30], [39, 24, 91, 28, 183, 47, 80, 61, 14, 20], [16, 12, 61, 94, 48, 196, 37, 104, 10, 21], [12, 24, 69, 63, 95, 31, 292, 14, 4, 21], [23, 14, 39, 39, 56, 76, 31, 289, 15, 30], [88, 36, 8, 12, 6, 15, 4, 7, 346, 36], [40, 117, 5, 17, 9, 13, 20, 35, 69, 241]]",0,9
27,"['0.4283', '0.4671', '0.3322', '0.3003', '0.3049', '0.3022', '0.4880', '0.4722', '0.6201', '0.4346']","['0.4845', '0.5560', '0.3311', '0.2885', '0.3113', '0.3255', '0.4600', '0.4587', '0.4873', '0.4385']","['0.4283', '0.4671', '0.3322', '0.3003', '0.3049', '0.3022', '0.4880', '0.4722', '0.6201', '0.4346']","['0.4547', '0.5077', '0.3317', '0.2943', '0.3081', '0.3134', '0.4736', '0.4654', '0.5457', '0.4366']","['0.4283', '0.4671', '0.3322', '0.3003', '0.3049', '0.3022', '0.4880', '0.4722', '0.6201', '0.4346']","['0.9474', '0.9556', '0.9243', '0.9198', '0.9268', '0.9306', '0.9334', '0.9367', '0.9331', '0.9420']","[[266, 31, 58, 21, 14, 11, 10, 28, 137, 45], [47, 298, 8, 18, 13, 5, 19, 9, 94, 127], [54, 14, 202, 46, 95, 66, 68, 39, 17, 7], [15, 10, 74, 176, 43, 118, 63, 46, 14, 27], [30, 20, 85, 38, 179, 47, 90, 67, 14, 17], [9, 11, 62, 125, 51, 181, 38, 100, 5, 17], [9, 20, 56, 80, 97, 25, 305, 15, 3, 15], [10, 6, 41, 57, 63, 75, 39, 289, 10, 22], [77, 29, 15, 18, 10, 13, 7, 5, 346, 38], [32, 97, 9, 31, 10, 15, 24, 32, 70, 246]]",0,4
28,"['0.4638', '0.5000', '0.2862', '0.3328', '0.3169', '0.2487', '0.4480', '0.4837', '0.5197', '0.5071']","['0.4792', '0.5221', '0.3359', '0.2731', '0.3212', '0.3531', '0.4722', '0.4309', '0.5197', '0.4003']","['0.4638', '0.5000', '0.2862', '0.3328', '0.3169', '0.2487', '0.4480', '0.4837', '0.5197', '0.5071']","['0.4714', '0.5108', '0.3091', '0.3000', '0.3190', '0.2919', '0.4598', '0.4557', '0.5197', '0.4474']","['0.4638', '0.5000', '0.2862', '0.3328', '0.3169', '0.2487', '0.4480', '0.4837', '0.5197', '0.5071']","['0.9418', '0.9455', '0.9362', '0.9041', '0.9274', '0.9495', '0.9418', '0.9274', '0.9508', '0.9209']","[[288, 39, 41, 21, 18, 9, 8, 34, 102, 61], [40, 319, 7, 18, 6, 5, 12, 8, 64, 159], [59, 15, 174, 67, 105, 46, 56, 55, 16, 15], [15, 14, 56, 195, 46, 83, 61, 68, 10, 38], [32, 20, 85, 53, 186, 30, 72, 70, 11, 28], [14, 16, 52, 152, 52, 149, 35, 103, 5, 21], [14, 31, 55, 96, 95, 17, 280, 17, 4, 16], [15, 10, 28, 65, 58, 59, 39, 296, 13, 29], [98, 44, 11, 18, 8, 15, 5, 6, 290, 63], [26, 103, 9, 29, 5, 9, 25, 30, 43, 287]]",0,6
29,"['0.4541', '0.5031', '0.3059', '0.2457', '0.3203', '0.3472', '0.5120', '0.4967', '0.5896', '0.4329']","['0.4804', '0.5681', '0.3345', '0.3032', '0.3032', '0.3525', '0.4805', '0.4406', '0.4918', '0.4210']","['0.4541', '0.5031', '0.3059', '0.2457', '0.3203', '0.3472', '0.5120', '0.4967', '0.5896', '0.4329']","['0.4669', '0.5337', '0.3196', '0.2714', '0.3115', '0.3499', '0.4957', '0.4670', '0.5363', '0.4268']","['0.4541', '0.5031', '0.3059', '0.2457', '0.3203', '0.3472', '0.5120', '0.4967', '0.5896', '0.4329']","['0.9433', '0.9545', '0.9314', '0.9389', '0.9202', '0.9293', '0.9356', '0.9284', '0.9375', '0.9380']","[[282, 32, 48, 20, 16, 11, 8, 32, 125, 47], [46, 321, 10, 10, 11, 8, 13, 9, 84, 126], [54, 10, 186, 42, 96, 62, 65, 64, 17, 12], [13, 11, 59, 144, 57, 125, 72, 60, 13, 32], [35, 9, 86, 32, 188, 41, 87, 71, 15, 23], [7, 13, 57, 97, 62, 208, 38, 92, 6, 19], [11, 17, 57, 61, 97, 28, 320, 17, 4, 13], [15, 5, 31, 43, 66, 74, 38, 304, 15, 21], [89, 36, 10, 10, 10, 20, 3, 7, 329, 44], [35, 111, 12, 16, 17, 13, 22, 34, 61, 245]]",0,6
30,"['0.4283', '0.4906', '0.2763', '0.2901', '0.3118', '0.3239', '0.4800', '0.5049', '0.5394', '0.3975']","['0.4650', '0.5462', '0.3408', '0.2738', '0.3081', '0.3017', '0.4886', '0.4034', '0.5050', '0.4261']","['0.4283', '0.4906', '0.2763', '0.2901', '0.3118', '0.3239', '0.4800', '0.5049', '0.5394', '0.3975']","['0.4459', '0.5169', '0.3052', '0.2817', '0.3099', '0.3124', '0.4843', '0.4485', '0.5217', '0.4113']","['0.4283', '0.4906', '0.2763', '0.2901', '0.3118', '0.3239', '0.4800', '0.5049', '0.5394', '0.3975']","['0.9431', '0.9515', '0.9397', '0.9167', '0.9241', '0.9169', '0.9416', '0.9152', '0.9458', '0.9442']","[[266, 34, 45, 30, 21, 14, 8, 45, 118, 40], [52, 313, 6, 26, 12, 8, 13, 13, 70, 125], [53, 12, 168, 61, 96, 76, 57, 64, 13, 8], [15, 8, 48, 170, 54, 126, 61, 69, 10, 25], [30, 14, 75, 36, 183, 59, 81, 80, 10, 19], [8, 7, 49, 121, 52, 194, 39, 109, 4, 16], [10, 15, 52, 84, 84, 41, 300, 24, 3, 12], [10, 10, 28, 54, 60, 83, 30, 309, 10, 18], [92, 43, 13, 16, 19, 21, 5, 8, 301, 40], [36, 117, 9, 23, 13, 21, 20, 45, 57, 225]]",0,7
31,"['0.4396', '0.5063', '0.2796', '0.2765', '0.3952', '0.2788', '0.4640', '0.4788', '0.5197', '0.4170']","['0.4596', '0.5657', '0.3178', '0.2817', '0.2933', '0.3275', '0.4603', '0.4315', '0.5115', '0.4307']","['0.4396', '0.5063', '0.2796', '0.2765', '0.3952', '0.2788', '0.4640', '0.4788', '0.5197', '0.4170']","['0.4494', '0.5343', '0.2975', '0.2791', '0.3367', '0.3012', '0.4622', '0.4539', '0.5156', '0.4237']","['0.4396', '0.5063', '0.2796', '0.2765', '0.3952', '0.2788', '0.4640', '0.4788', '0.5197', '0.4170']","['0.9403', '0.9537', '0.9323', '0.9237', '0.8967', '0.9365', '0.9367', '0.9284', '0.9491', '0.9426']","[[273, 42, 51, 22, 32, 18, 5, 33, 104, 41], [49, 323, 9, 15, 18, 6, 13, 11, 71, 123], [48, 9, 170, 50, 130, 58, 67, 56, 13, 7], [17, 6, 61, 162, 68, 100, 70, 66, 6, 30], [26, 10, 79, 35, 232, 39, 79, 60, 9, 18], [7, 9, 55, 117, 76, 167, 46, 103, 3, 16], [8, 16, 61, 77, 116, 22, 290, 16, 3, 16], [15, 8, 25, 53, 86, 67, 36, 293, 6, 23], [107, 38, 16, 16, 18, 19, 7, 9, 290, 38], [44, 110, 8, 28, 15, 14, 17, 32, 62, 236]]",0,4
32,"['0.4058', '0.5831', '0.2977', '0.2918', '0.3083', '0.3172', '0.4672', '0.4624', '0.6111', '0.3198']","['0.4200', '0.4973', '0.3255', '0.2979', '0.2915', '0.3333', '0.4891', '0.4693', '0.4789', '0.4320']","['0.4058', '0.5831', '0.2977', '0.2918', '0.3083', '0.3172', '0.4672', '0.4624', '0.6111', '0.3198']","['0.4128', '0.5368', '0.3110', '0.2948', '0.2997', '0.3251', '0.4779', '0.4658', '0.5370', '0.3675']","['0.4058', '0.5831', '0.2977', '0.2918', '0.3083', '0.3172', '0.4672', '0.4624', '0.6111', '0.3198']","['0.9353', '0.9299', '0.9305', '0.9256', '0.9187', '0.9296', '0.9433', '0.9406', '0.9318', '0.9562']","[[252, 44, 53, 17, 21, 15, 7, 27, 147, 38], [47, 372, 9, 12, 10, 6, 10, 8, 88, 76], [59, 18, 181, 58, 95, 59, 58, 55, 18, 7], [26, 18, 57, 171, 57, 118, 62, 44, 14, 19], [46, 23, 82, 38, 181, 44, 72, 71, 14, 16], [12, 16, 65, 118, 63, 190, 37, 73, 9, 16], [14, 29, 48, 74, 110, 29, 292, 14, 5, 10], [22, 15, 38, 42, 63, 77, 38, 283, 12, 22], [77, 48, 11, 13, 8, 15, 6, 5, 341, 34], [45, 165, 12, 31, 13, 17, 15, 23, 64, 181]]",0,1
33,"['0.4251', '0.5282', '0.2944', '0.2509', '0.3560', '0.2588', '0.5040', '0.4771', '0.5717', '0.3746']","['0.4505', '0.5249', '0.3260', '0.2816', '0.2798', '0.3377', '0.4639', '0.4165', '0.4977', '0.4473']","['0.4251', '0.5282', '0.2944', '0.2509', '0.3560', '0.2588', '0.5040', '0.4771', '0.5717', '0.3746']","['0.4374', '0.5266', '0.3094', '0.2653', '0.3133', '0.2930', '0.4831', '0.4448', '0.5321', '0.4077']","['0.4251', '0.5282', '0.2944', '0.2509', '0.3560', '0.2588', '0.5040', '0.4771', '0.5717', '0.3746']","['0.9401', '0.9431', '0.9314', '0.9307', '0.9006', '0.9437', '0.9323', '0.9241', '0.9408', '0.9518']","[[264, 40, 56, 23, 20, 15, 6, 40, 124, 33], [44, 337, 15, 13, 15, 4, 12, 11, 83, 104], [50, 13, 179, 51, 121, 43, 70, 63, 12, 6], [20, 12, 62, 147, 70, 96, 77, 63, 11, 28], [31, 20, 80, 31, 209, 33, 86, 71, 11, 15], [10, 16, 60, 117, 73, 155, 48, 104, 2, 14], [7, 21, 44, 57, 134, 17, 315, 14, 4, 12], [19, 11, 27, 48, 78, 64, 40, 292, 12, 21], [92, 42, 16, 13, 14, 16, 6, 11, 319, 29], [49, 130, 10, 22, 13, 16, 19, 32, 63, 212]]",0,2
34,"['0.4106', '0.5157', '0.3257', '0.2679', '0.3305', '0.2972', '0.4528', '0.4592', '0.6129', '0.3498']","['0.4443', '0.5149', '0.3225', '0.2824', '0.2866', '0.3167', '0.4829', '0.4391', '0.4770', '0.4552']","['0.4106', '0.5157', '0.3257', '0.2679', '0.3305', '0.2972', '0.4528', '0.4592', '0.6129', '0.3498']","['0.4268', '0.5153', '0.3241', '0.2750', '0.3070', '0.3066', '0.4674', '0.4489', '0.5365', '0.3956']","['0.4106', '0.5157', '0.3257', '0.2679', '0.3305', '0.2972', '0.4528', '0.4592', '0.6129', '0.3498']","['0.9407', '0.9422', '0.9228', '0.9263', '0.9108', '0.9289', '0.9436', '0.9334', '0.9311', '0.9564']","[[255, 39, 68, 18, 19, 13, 9, 29, 140, 31], [54, 329, 12, 13, 13, 6, 12, 10, 101, 88], [53, 11, 198, 53, 106, 53, 56, 55, 17, 6], [18, 14, 60, 157, 60, 124, 62, 55, 13, 23], [32, 23, 76, 36, 194, 52, 77, 68, 13, 16], [9, 15, 65, 121, 71, 178, 32, 92, 2, 14], [7, 19, 65, 71, 121, 27, 283, 15, 4, 13], [21, 11, 39, 52, 70, 76, 32, 281, 9, 21], [79, 37, 20, 14, 12, 17, 5, 7, 342, 25], [46, 141, 11, 21, 11, 16, 18, 28, 76, 198]]",0,2
35,"['0.4444', '0.5016', '0.3224', '0.2713', '0.2981', '0.3205', '0.4432', '0.4592', '0.5287', '0.4611']","['0.4299', '0.5298', '0.3197', '0.2989', '0.3059', '0.2986', '0.4920', '0.4411', '0.4966', '0.4350']","['0.4444', '0.5016', '0.3224', '0.2713', '0.2981', '0.3205', '0.4432', '0.4592', '0.5287', '0.4611']","['0.4371', '0.5153', '0.3210', '0.2844', '0.3020', '0.3092', '0.4663', '0.4500', '0.5122', '0.4477']","['0.4444', '0.5016', '0.3224', '0.2713', '0.2981', '0.3205', '0.4432', '0.4592', '0.5287', '0.4611']","['0.9320', '0.9470', '0.9227', '0.9311', '0.9267', '0.9165', '0.9468', '0.9339', '0.9451', '0.9376']","[[276, 40, 49, 20, 16, 20, 7, 30, 112, 51], [46, 320, 8, 13, 11, 7, 12, 9, 78, 134], [64, 15, 196, 43, 87, 75, 53, 50, 18, 7], [22, 12, 60, 159, 52, 124, 59, 55, 10, 33], [44, 16, 102, 29, 175, 62, 65, 64, 14, 16], [13, 11, 63, 114, 53, 192, 40, 95, 7, 11], [18, 21, 64, 74, 105, 30, 277, 17, 3, 16], [20, 13, 43, 45, 50, 95, 31, 281, 8, 26], [96, 52, 17, 11, 13, 19, 4, 6, 295, 45], [43, 104, 11, 24, 10, 19, 15, 30, 49, 261]]",0,5
36,"['0.4557', '0.5266', '0.2500', '0.3003', '0.3629', '0.3356', '0.4800', '0.4902', '0.5287', '0.3251']","['0.4321', '0.5242', '0.3510', '0.2895', '0.3179', '0.3279', '0.4702', '0.4155', '0.4683', '0.4718']","['0.4557', '0.5266', '0.2500', '0.3003', '0.3629', '0.3356', '0.4800', '0.4902', '0.5287', '0.3251']","['0.4436', '0.5254', '0.2920', '0.2948', '0.3389', '0.3317', '0.4751', '0.4498', '0.4966', '0.3849']","['0.4557', '0.5266', '0.2500', '0.3003', '0.3629', '0.3356', '0.4800', '0.4902', '0.5287', '0.3251']","['0.9308', '0.9431', '0.9479', '0.9202', '0.9156', '0.9237', '0.9371', '0.9217', '0.9384', '0.9621']","[[283, 48, 41, 20, 24, 19, 8, 35, 118, 25], [54, 336, 5, 19, 12, 8, 18, 15, 92, 79], [61, 12, 152, 66, 115, 60, 59, 65, 16, 2], [22, 9, 43, 176, 51, 123, 68, 62, 10, 22], [34, 14, 60, 39, 213, 50, 79, 73, 11, 14], [11, 11, 49, 115, 50, 201, 42, 105, 5, 10], [14, 14, 40, 77, 117, 29, 300, 20, 6, 8], [19, 10, 26, 49, 60, 87, 38, 300, 9, 14], [105, 51, 11, 18, 14, 18, 7, 7, 295, 32], [52, 136, 6, 29, 14, 18, 19, 40, 68, 184]]",0,5
37,"['0.4654', '0.4702', '0.3454', '0.3055', '0.2913', '0.4157', '0.4608', '0.4559', '0.4749', '0.3339']","['0.4158', '0.5703', '0.3281', '0.2806', '0.3092', '0.2978', '0.4915', '0.4619', '0.5019', '0.4797']","['0.4654', '0.4702', '0.3454', '0.3055', '0.2913', '0.4157', '0.4608', '0.4559', '0.4749', '0.3339']","['0.4392', '0.5155', '0.3365', '0.2925', '0.3000', '0.3470', '0.4756', '0.4589', '0.4880', '0.3937']","['0.4654', '0.4702', '0.3454', '0.3055', '0.2913', '0.4157', '0.4608', '0.4559', '0.4749', '0.3339']","['0.9245', '0.9579', '0.9203', '0.9152', '0.9294', '0.8913', '0.9446', '0.9397', '0.9517', '0.9623']","[[289, 31, 67, 28, 22, 20, 5, 31, 99, 29], [82, 300, 16, 22, 12, 20, 23, 12, 65, 86], [44, 13, 210, 53, 92, 100, 43, 40, 9, 4], [17, 8, 54, 179, 39, 169, 50, 45, 10, 15], [32, 10, 97, 40, 171, 72, 80, 62, 12, 11], [10, 9, 53, 110, 47, 249, 38, 73, 4, 6], [13, 15, 64, 75, 95, 49, 288, 13, 4, 9], [13, 6, 36, 62, 49, 108, 38, 279, 6, 15], [130, 29, 26, 24, 16, 28, 1, 9, 265, 30], [65, 105, 17, 45, 10, 21, 20, 40, 54, 189]]",0,4
38,"['0.4122', '0.4467', '0.2895', '0.2747', '0.3288', '0.3689', '0.4528', '0.5114', '0.5394', '0.4435']","['0.4354', '0.5566', '0.3321', '0.2917', '0.2933', '0.3333', '0.4888', '0.4253', '0.4951', '0.4373']","['0.4122', '0.4467', '0.2895', '0.2747', '0.3288', '0.3689', '0.4528', '0.5114', '0.5394', '0.4435']","['0.4235', '0.4957', '0.3093', '0.2830', '0.3100', '0.3502', '0.4701', '0.4644', '0.5163', '0.4404']","['0.4122', '0.4467', '0.2895', '0.2747', '0.3288', '0.3689', '0.4528', '0.5114', '0.5394', '0.4435']","['0.9383', '0.9577', '0.9343', '0.9278', '0.9141', '0.9182', '0.9449', '0.9215', '0.9436', '0.9406']","[[256, 34, 50, 23, 23, 17, 7, 38, 129, 44], [59, 285, 8, 23, 12, 9, 19, 14, 71, 138], [50, 9, 176, 57, 112, 73, 49, 60, 14, 8], [19, 5, 57, 161, 54, 133, 52, 67, 13, 25], [30, 9, 78, 33, 193, 53, 79, 80, 11, 21], [11, 11, 53, 93, 64, 221, 32, 99, 5, 10], [14, 15, 49, 73, 124, 33, 283, 18, 3, 13], [20, 7, 34, 45, 54, 81, 29, 313, 11, 18], [90, 43, 15, 17, 10, 23, 4, 9, 301, 46], [39, 94, 10, 27, 12, 20, 25, 38, 50, 251]]",0,8
39,"['0.4235', '0.4937', '0.3092', '0.2543', '0.3254', '0.3706', '0.5072', '0.4526', '0.5789', '0.3887']","['0.4574', '0.5469', '0.3197', '0.3010', '0.2984', '0.3304', '0.4614', '0.4759', '0.4681', '0.4444']","['0.4235', '0.4937', '0.3092', '0.2543', '0.3254', '0.3706', '0.5072', '0.4526', '0.5789', '0.3887']","['0.4398', '0.5189', '0.3144', '0.2757', '0.3113', '0.3493', '0.4832', '0.4640', '0.5176', '0.4147']","['0.4235', '0.4937', '0.3092', '0.2543', '0.3254', '0.3706', '0.5072', '0.4526', '0.5789', '0.3887']","['0.9420', '0.9513', '0.9258', '0.9361', '0.9171', '0.9167', '0.9312', '0.9434', '0.9326', '0.9494']","[[263, 36, 57, 18, 21, 16, 9, 30, 131, 40], [43, 315, 13, 19, 9, 4, 19, 11, 99, 106], [53, 10, 188, 42, 104, 75, 64, 44, 18, 10], [17, 10, 65, 149, 53, 133, 71, 48, 13, 27], [29, 15, 86, 29, 191, 56, 93, 59, 14, 15], [11, 11, 64, 98, 61, 222, 43, 70, 4, 15], [9, 17, 53, 62, 108, 30, 317, 14, 3, 12], [20, 9, 34, 42, 65, 96, 41, 277, 11, 17], [87, 39, 17, 12, 13, 21, 8, 5, 323, 33], [43, 114, 11, 24, 15, 19, 22, 24, 74, 220]]",0,3
40,"['0.4589', '0.5016', '0.2780', '0.3379', '0.3373', '0.2905', '0.4448', '0.4461', '0.5520', '0.3940']","['0.4155', '0.5079', '0.3442', '0.2754', '0.3014', '0.3537', '0.4736', '0.4588', '0.4843', '0.4398']","['0.4589', '0.5016', '0.2780', '0.3379', '0.3373', '0.2905', '0.4448', '0.4461', '0.5520', '0.3940']","['0.4361', '0.5047', '0.3076', '0.3034', '0.3183', '0.3190', '0.4587', '0.4524', '0.5159', '0.4157']","['0.4589', '0.5016', '0.2780', '0.3379', '0.3373', '0.2905', '0.4448', '0.4461', '0.5520', '0.3940']","['0.9255', '0.9422', '0.9403', '0.9038', '0.9152', '0.9411', '0.9425', '0.9402', '0.9397', '0.9477']","[[285, 37, 48, 27, 23, 11, 8, 25, 117, 40], [71, 320, 8, 15, 10, 2, 15, 9, 86, 102], [66, 13, 169, 74, 113, 45, 55, 50, 17, 6], [20, 13, 51, 198, 48, 103, 61, 51, 16, 25], [39, 25, 73, 45, 198, 39, 74, 63, 14, 17], [7, 17, 54, 152, 62, 174, 37, 80, 2, 14], [14, 29, 41, 86, 111, 27, 278, 14, 4, 21], [23, 13, 28, 68, 73, 66, 33, 273, 10, 25], [108, 41, 13, 21, 9, 12, 7, 5, 308, 34], [53, 122, 6, 33, 10, 13, 19, 25, 62, 223]]",0,1
